소재지전체주소,사업장명
서울특별시 종로구 종로3가 132-1번지 ,가르텐 비어
서울특별시 종로구 당주동 128-17번지 (지상1층) ,써브웨이 (광화문점)
서울특별시 종로구 낙원동 198 금강빌딩 ,청춘 1번지
서울특별시 종로구 명륜2가 184 ,깊·골(SHEN XIANG)
서울특별시 종로구 창신동 687-4번지 ,타임
서울특별시 종로구 동숭동 1-65번지 ,백팩
서울특별시 종로구 관철동 19-6번지 ,영구비어
서울특별시 종로구 관철동 13-9번지 ,종각 상구비어
서울특별시 종로구 인사동 208-0 ,비비큐 치킨(인사점)
서울특별시 종로구 관수동 120번지 ,호
서울특별시 종로구 동숭동 1-58번지 ,투뿔소
서울특별시 종로구 숭인동 201-4 ,둘둘치킨
서울특별시 종로구 무악동 67-2번지 ,골든벨호프
서울특별시 종로구 송월동 60-5번지 ,로얄
서울특별시 종로구 인사동 37번지 3층 ,힐링타임365
서울특별시 종로구 혜화동 143-2번지 ,대봉수 대학로족발·보쌈
서울특별시 종로구 익선동 106-0번지 ,포쉬(POSH)
서울특별시 종로구 평창동 325번지 ,와키
서울특별시 종로구 동숭동 1-35번지 지상4층 ,주주연가(대학로점)
서울특별시 종로구 명륜2가 21-18번지 지상1층 ,통큰갈비
서울특별시 종로구 돈의동 153번지 ,하늘정원
서울특별시 종로구 낙원동 227번지 ,그때그집
서울특별시 종로구 당주동 160-0 변호사회관 지하동 1-33호,유월
서울특별시 종로구 낙원동 159번지 지상1층 ,비앤비
서울특별시 종로구 교북동 75번지 ,청수
서울특별시 종로구 체부동 39-2번지 지상1층 ,미락치킨 경복궁 본점
서울특별시 종로구 당주동 5-0번지 지하1층 ,사랑채
서울특별시 종로구 관철동 14-3번지 ,다락방
서울특별시 종로구 돈의동 107번지 (지상1층) ,이화주막
서울특별시 종로구 관철동 19-11번지 ,칸
서울특별시 종로구 창성동 136번지 ,쁘띠 통
서울특별시 종로구 관철동 43-7번지 지상2층 ,서래통2
서울특별시 종로구 세종로 173-1번지 1~2층 ,다온
서울특별시 종로구 창신동 561-2번지 ,발리호프원
서울특별시 종로구 관철동 18-9번지 ,종로유일삼구포차
서울특별시 종로구 숭인동 313-14번지 ,계경 순대국 동묘역점
서울특별시 종로구 종로4가 59-2번지 ,테리야끼
서울특별시 종로구 당주동 168-0번지 ,백림호프주점
서울특별시 종로구 혜화동 167-3번지 ,림스치킨혜화분점
서울특별시 종로구 돈의동 51번지 ,종삼육
서울특별시 종로구 신문로1가 156-0번지 ,거성 생맥주
서울특별시 종로구 종로1가 24번지 르메이에르종로타운1 ,종로호프
서울특별시 종로구 명륜2가 181번지 지하1층 ,봉쥬비어
서울특별시 종로구 혜화동 16-9번지 ,또봉이 통닭
서울특별시 종로구 관철동 11-18 ,오늘의회 종각점
서울특별시 종로구 사직동 304-15번지 ,사직씨엘
서울특별시 종로구 창신동 697-3번지 동원빌딩 1층 ,서기맥주 동대문점
서울특별시 종로구 종로1가 24번지 르메이에르종로타운1 ,부티크
서울특별시 종로구 운니동 57번지 지상1층 ,매종
서울특별시 종로구 내자동 11-1번지 ,동해 남부선
서울특별시 종로구 창신동 464-6번지 2층 ,교촌치킨 24시 동대문1호점
서울특별시 종로구 종로3가 19번지 ,컴포즈 커피
서울특별시 종로구 명륜3가 148-1번지 지상1층 ,건강한빵
서울특별시 종로구 숭인동 76 롯데캐슬상가 116호,둘둘치킨(롯데캐슬숭인점)
서울특별시 종로구 창신동 561-1번지 ,자유인 치킨 호프
서울특별시 종로구 관철동 18-9번지 18-8 ,맥주 이마트
서울특별시 종로구 효제동 217-0번지 ,슈퍼비어
서울특별시 종로구 신문로2가 12-5번지 지하1층 ,쌀쌀맞은닭 정동점
서울특별시 종로구 낙원동 192번지 지상1~2층 ,시민식당
서울특별시 종로구 관철동 43-6번지 ,이자카야나무(종각점)
서울특별시 종로구 통인동 147-2번지 지하1층 ,이서방양념치킨
서울특별시 종로구 관훈동 123-4번지 ,오가다
서울특별시 종로구 재동 88번지 ,치킨하우스
서울특별시 종로구 인사동 209-0번지 ,종각역점 바른치킨
서울특별시 종로구 동숭동 1-55번지 2층 ,bhc 치킨대학로본점
서울특별시 종로구 명륜4가 46-1 ,또봉이통닭 대학로점
서울특별시 종로구 인사동 102-0번지 ,국민포차 야시장
서울특별시 종로구 종로5가 245-0번지 ,종로호프
서울특별시 종로구 창신동 534-0번지 ,창신호프
서울특별시 종로구 인사동 72-0번지 지상2층 ,삼성삼통
서울특별시 종로구 종로5가 88-4번지 2층 ,엘리팝
서울특별시 종로구 동숭동 1-27번지 1.2층 ,케이에프씨 대학로점
서울특별시 종로구 종로5가 116번지 1층 ,썬더치킨
서울특별시 종로구 종로1가 24번지 B113-5 ,우뚝1
서울특별시 종로구 효제동 330번지 1층 ,돈치킨 구운치킨
서울특별시 종로구 숭인동 766번지 종로청계힐스테이트 ,썬더치킨
서울특별시 종로구 부암동 385번지 지하1층 ,댕댕포차
서울특별시 종로구 숭인동 183-1번지 1층 ,닭한마리
서울특별시 종로구 창신동 635-8번지 ,통통배식당
서울특별시 종로구 내자동 178-2번지 ,한강치킨
서울특별시 종로구 통의동 67-3번지 2층 ,치킨인더키친 경복궁역점
서울특별시 종로구 관철동 19-20번지 3층 ,포차어게인
서울특별시 종로구 명륜2가 24-1번지 지상2층 ,도토리편백집
서울특별시 종로구 익선동 166-57번지 1층 ,크래프트루익선
서울특별시 종로구 효제동 318-1번지 지상1층 ,배부장찌개
서울특별시 종로구 효제동 308번지 ,첨
서울특별시 종로구 명륜4가 113-1 지상1층 ,교촌치킨대학로점
서울특별시 종로구 명륜1가 10-27번지 지상1층 ,영일식당
서울특별시 종로구 신문로1가 31번지 2층 ,하이로 불닭
서울특별시 종로구 명륜2가 216-2 지하1층 ,일타양피
서울특별시 종로구 관철동 155번지 지상1층 101호,마당호프 노가리천원
서울특별시 종로구 연건동 76번지 ,둘둘
서울특별시 종로구 명륜3가 82-3 ,틈
서울특별시 종로구 무악동 45-65번지 ,썬더치킨
서울특별시 종로구 명륜3가 2-24번지 (지상1층) ,The ( 더) 닭
서울특별시 종로구 효제동 232번지 2층 ,궁 커피 호프
서울특별시 종로구 관철동 13-8 1층 ,빙고 만선호프 종로본점 1
서울특별시 종로구 숭인동 72-71번지 ,숭인 호프
서울특별시 종로구 부암동 254-5번지 ,친구들
서울특별시 종로구 숭인동 1081번지 ,짝 비어&포차
"서울특별시 종로구 내수동 73번지 경희궁의아침4단지 B133,B134 ",블랙 스완
서울특별시 종로구 명륜4가 60-1번지 ,오늘도 한잔
서울특별시 종로구 가회동 70-2번지 지층 ,떡가게 종춘 북촌점
서울특별시 종로구 관철동 13-8 2.3.4층 ,빙고 만선호프 종로본점 2
"서울특별시 종로구 종로1가 24번지 르메이에르종로타운 지상2층 213,214호 ",텍사스
서울특별시 종로구 관철동 13-13번지 종로코아빌딩 3층 ,스트라이크존 직영 종각점
서울특별시 종로구 숭인동 313-7번지 외1필지 ,대화치킨
서울특별시 종로구 관철동 43-8번지 ,아지트
서울특별시 종로구 통인동 46-41번지 1층 ,홉스치킨
서울특별시 종로구 관철동 13-9번지 3층 ,오렌지룸
서울특별시 종로구 효제동 123번지 1층 ,BHC 종로행복점
서울특별시 종로구 관철동 44-1 ,미친닭&취하루
서울특별시 종로구 낙원동 55-1 ,소행성
서울특별시 종로구 관철동 155번지 1층 102호,비어하우스
서울특별시 종로구 익선동 166-45번지 ,익동 정육점
서울특별시 종로구 숭인동 218번지 1층 ,한국통닭
서울특별시 종로구 종로5가 45-1번지 ,한국통닭
서울특별시 종로구 숭인동 65-12 지상1층 ,네네치킨
서울특별시 종로구 종로2가 102-1 2층 ,맘스터치
"서울특별시 종로구 체부동 195번지 1,2층 ",세종마을 치킨
서울특별시 종로구 내수동 74번지 광화문시대(102-1호) ,광화문 치킨뽀끼
서울특별시 종로구 명륜3가 53번지 지상1층 유림회관 14호,한잔더
서울특별시 종로구 숭인동 1410번지 ,황학동 그집
서울특별시 종로구 내자동 112-3 지상1층 101호 ,굽네치킨 (경복궁)점
서울특별시 종로구 내자동 11-1번지 2층 ,2층 계단집
서울특별시 종로구 관철동 13-9 1층 ,빙고 만선호프 종로본점
서울특별시 종로구 종로5가 182-8번지 2층 ,동원커피호프
서울특별시 종로구 명륜4가 53번지 지하 1층 ,히든스시
서울특별시 종로구 명륜4가 118-9번지 지층 ,크래프트 혜화
서울특별시 종로구 숭인동 1061번지 지상2층 ,필
서울특별시 종로구 명륜1가 10-20번지 1층 ,마미스치킨
서울특별시 종로구 평창동 182-2번지 지하1층 ,다라치호프
서울특별시 종로구 혜화동 185번지 중원빌딩 505-1호 ,칼리버
서울특별시 종로구 창성동 109-2번지 지상1층 ,압셍트
서울특별시 종로구 낙원동 141번지 ,스파이스치킨
서울특별시 종로구 창신동 630-1번지 지하1층 ,서린
서울특별시 종로구 관철동 19-7번지 지상1층 ,종로실내포차
서울특별시 종로구 종로1가 24번지 르메이에르 지하1층 123호 ,더치킨
서울특별시 종로구 숭인동 266번지 ,호프마당
서울특별시 종로구 돈의동 102번지 (지상2층) ,메모리(memory)
서울특별시 종로구 돈의동 137번지 지상9층 ,제우스
서울특별시 종로구 청진동 191-1번지 (지상1층) ,광장가든
서울특별시 종로구 숭인동 1388번지 1층 (109호) ,호프마당
서울특별시 종로구 충신동 188-14번지 (지상1층) ,스카이
서울특별시 종로구 무악동 63-4번지 1층 7호 ,싱글
서울특별시 종로구 창신동 580-1번지 지상1층 ,대양통닭
서울특별시 종로구 숭인동 81-22번지 지상2층 ,지상
서울특별시 종로구 창신동 583-20번지 (지상1층) ,봉남이네 호프
서울특별시 종로구 공평동 130-1번지 ,열차집
서울특별시 종로구 관철동 37-2 지상1층 ,1988 옛날통닭
서울특별시 종로구 숭인동 1236번지 지상1층 ,카오스
서울특별시 종로구 신문로1가 7-5 1층 ,치킨 골드스타 (광화문점)
서울특별시 종로구 팔판동 97-2번지 지상1.2층 ,치골뱅 비어뱅
서울특별시 종로구 숭인동 1198번지 (지상1층) ,엄지척 포차
서울특별시 종로구 명륜2가 202번지 ,야꼬닭
서울특별시 종로구 창신동 22-3 ,비비큐 성북스타 2호점
서울특별시 종로구 효제동 233-2번지 1층 ,꼬꼬순이
서울특별시 종로구 통인동 76-3번지 지하1층 ,미림
서울특별시 종로구 신문로1가 238번지 지하1층 37호 ,광화문 하루
서울특별시 종로구 낙원동 82-3번지 ,별난집
서울특별시 종로구 창신동 627-19번지 (지하1층) ,동해
"서울특별시 종로구 혜화동 178-1번지 2,3층 ",마나술루
서울특별시 종로구 관철동 43-6번지 ,이자카야나무(종각점)
서울특별시 종로구 명륜4가 164-1번지 ,마리오
"서울특별시 종로구 무악동 45-60번지 외2필지(45-61,45-424)지상1층 ",산타치킨
서울특별시 종로구 종로2가 40번지 1층 ,바른치킨 종로3가점
서울특별시 종로구 창신동 498번지 지상1층 ,동대문 한국통닭
서울특별시 종로구 명륜2가 168-1 1층 ,60계치킨 대학로점
서울특별시 종로구 창신동 580-3번지 ,고기와 찌개마을
서울특별시 종로구 권농동 168번지 ,해랑
서울특별시 종로구 숭인동 1075번지 1층 ,치킨주막
서울특별시 종로구 관철동 19-12번지 ,홍스비어(HONG'S BEER)
서울특별시 종로구 창신동 643번지 지하1층 ,해랑
서울특별시 종로구 내수동 75번지 용비어천가 지상1층 105호 ,야들리애 치킨
서울특별시 종로구 관수동 149-1번지 지상1층 ,청계 커피 호프 광장
서울특별시 종로구 명륜1가 97-5번지 2층 ,봉달이치킨
서울특별시 종로구 충신동 2번지 지상1층 ,클립
서울특별시 종로구 통인동 141-2번지 지상1층 ,이화
서울특별시 종로구 창신동 633-24번지 (1층) ,동해
서울특별시 종로구 창신동 633-6번지 (지하1층) ,러쉬
서울특별시 종로구 부암동 258-3번지 (지상2층) ,계열사
서울특별시 종로구 명륜3가 134-2번지 지상1층 ,아시안 테이블
서울특별시 종로구 명륜1가 83-5번지 ,비에이치씨(BHC)
서울특별시 종로구 명륜4가 85-9번지 1층 ,꺽정이네장작구이
서울특별시 종로구 돈의동 93-6번지 ,007소주방
서울특별시 종로구 창신동 582-3번지 지상1층 ,부어치킨 창신점
서울특별시 종로구 종로5가 2-5 ,옛날통닭
서울특별시 종로구 동숭동 1-87번지 2층 ,샴
"서울특별시 종로구 낙원동 93번지 외1필지, 2층 1호",천년동안도
서울특별시 종로구 돈의동 166번지 1층 ,물방
서울특별시 종로구 평동 233번지 경희궁자이 3단지 ,생활맥주 서대문경희궁자이점
서울특별시 종로구 평동 43번지 경희궁자이 3단지 ,낭만치맥 서대문점
서울특별시 종로구 숭인동 183-9번지 ,돈치킨 숭인점
서울특별시 종로구 청진동 11-6번지 ,치어리더호프
서울특별시 종로구 명륜2가 222번지 ,달려라 봉쥬비어
서울특별시 종로구 동숭동 1-73번지 (지상2층) ,더 키친750
서울특별시 종로구 숭인동 1410번지 (지상1층) ,깜닭치킨(숭인점)
서울특별시 종로구 동숭동 1-114번지 (3층) ,아맛나슈퍼 이구포차 마로니에
서울특별시 종로구 종로5가 246-2번지 ,해뜰날 포장마차
서울특별시 종로구 청진동 191-2번지 ,감투치킨
서울특별시 종로구 종로5가 332-14번지 ,힐
서울특별시 종로구 동숭동 1-100번지 3층 ,명가 교동 짬뽕
서울특별시 종로구 숭인동 396번지 ,쭌이생호프
서울특별시 종로구 숭인동 390-1번지 ,산채만두전문점
서울특별시 종로구 낙원동 202번지 ,둘둘치킨
서울특별시 종로구 명륜2가 21-26번지 ,인정국물떡볶이
서울특별시 종로구 창신동 80-3번지 ,별난청춘포차
서울특별시 종로구 와룡동 173 1층 ,트라타(TRATAR)
서울특별시 종로구 교남동 45-2 1층 ,모두랑
서울특별시 종로구 숭인동 1399번지 지상2층 ,어른이대공원
서울특별시 종로구 동숭동 1-27번지 ,대학로덮밥 최군비어
서울특별시 종로구 구기동 110-7번지 지상2층 ,광
서울특별시 종로구 낙원동 218-1번지 지상4층 ,블러드.지(Blood.G)
서울특별시 종로구 동숭동 1-78번지 지상5층 ,8[pal](팔) Ⅶ
서울특별시 종로구 낙원동 159번지 (지상4층) ,루트
서울특별시 종로구 낙원동 161번지 (지하1층) ,휘
서울특별시 종로구 낙원동 150-1번지 파고다빌딩 1층 ,네네치킨
서울특별시 종로구 묘동 149-1 태종빌딩 ,밍글
서울특별시 종로구 관철동 14-3번지 지하1층 ,달려라 봉쥬비어
서울특별시 종로구 체부동 190번지 ,더밴드(The Band)
서울특별시 종로구 낙원동 136번지 (지상1층) ,만남
서울특별시 종로구 숭인동 759번지 1층 ,언니네 포차
서울특별시 종로구 관수동 89번지 지상 2층 ,라인강
서울특별시 종로구 숭인동 177-2번지 ,맥주창고
서울특별시 종로구 통의동 49-1번지 ,서촌시민상회 팔공티 서촌닭강정 공장
서울특별시 종로구 창신동 392-1번지 ,좌절금지
서울특별시 종로구 관수동 68번지 지상2층 ,계동치킨
서울특별시 종로구 돈의동 160번지 ,님과 함께
서울특별시 종로구 관철동 12-2번지 5층 ,딴따라 포차
서울특별시 종로구 명륜4가 8-1번지 ,카페 데 코믹스
서울특별시 종로구 홍지동 46-1번지 지상1층 ,화수미
서울특별시 종로구 내수동 95번지 ,네네치킨 광화문점
서울특별시 종로구 무악동 89 경희궁 롯데캐슬 ,돈박
서울특별시 종로구 관훈동 198-11번지 (지상1층) ,썬비
서울특별시 종로구 평창동 195-1번지 ,위드치킨
서울특별시 종로구 명륜2가 115-2번지 ,할매순대국
서울특별시 종로구 평창동 301-1번지 ,평창동 STORY(스토리)
서울특별시 종로구 낙원동 121-1 지상1층 ,익선. 을지로골뱅이
서울특별시 종로구 돈의동 34번지 ,빈티지(VINTAGE)
서울특별시 종로구 창신동 676-1번지 ,서기맥주 동대문점
서울특별시 종로구 교남동 96번지 ,닭어사엔 못말리는 파닭
서울특별시 종로구 동숭동 25-5번지 ,깐부치킨
서울특별시 종로구 창신동 17-12번지 지상1층 ,썬더치킨
서울특별시 종로구 관철동 45-2번지 ,야후커피호프
서울특별시 종로구 행촌동 171-176 ,처갓집양념치킨 독립문점
서울특별시 종로구 무악동 46번지 경희궁 롯데캐슬 ,썬더치킨 독립문점
서울특별시 종로구 창신동 391-6 ,계
서울특별시 종로구 관철동 18-8번지 ,라스베가스
서울특별시 종로구 홍파동 199번지 경희궁자이 2단지 ,독립문 푸라닭
서울특별시 종로구 관철동 12-16번지 ,종로abc
서울특별시 종로구 관수동 26번지 ,오븐에 빠진 닭(종로3가점)
서울특별시 종로구 창신동 651-26번지 ,가마치통닭
서울특별시 종로구 낙원동 236-1번지 낙원빌딩 ,신 한국통닭
서울특별시 종로구 숭인동 296-21번지 ,호식이 두마리 치킨(숭인점)
서울특별시 종로구 관수동 161-12번지 지상1층 ,치킨N
서울특별시 종로구 도렴동 60번지 지하1층 16호호,꼬꼬 뚝 닭
서울특별시 종로구 낙원동 229번지 2층 ,골든
서울특별시 종로구 동숭동 1-92번지 (태원빌딩 3층) ,꾸미
서울특별시 종로구 낙원동 58-1번지 종로오피스텔 101~103호 ,모트세
서울특별시 종로구 관철동 10-23번지 1층 ,등촌샤브칼국수
서울특별시 종로구 동숭동 1-37번지 4층 ,대학로에 취하다
서울특별시 종로구 관철동 19-1번지 해덕빌딩 ,1943종각점
서울특별시 종로구 수송동 16-1 ,명가원
서울특별시 종로구 창신동 23-76번지 브라운스톤 창신 ,파파푸드 종로점
서울특별시 종로구 명륜4가 26번지 ,골목길25
서울특별시 종로구 창신동 81-9번지 ,호프47번가
서울특별시 종로구 신문로2가 25번지 ,서궁
서울특별시 종로구 창신동 23-76번지 브라운스톤 창신 ,또봉이통닭 창신역점
서울특별시 종로구 숭인동 326번지 이화장여관 ,브라이트 사이드(BRIGHT SIDE)
서울특별시 종로구 창신동 330-2 ,굽네치킨(동대문역점)
서울특별시 종로구 돈의동 46-1 ,인쌩맥주(익선점)
서울특별시 종로구 무악동 45-19 ,아백치킨
서울특별시 종로구 공평동 17번지 (지상2층) ,가연
서울특별시 종로구 관철동 13-1번지 (지상1층) ,유가네 닭갈비
서울특별시 종로구 당주동 171번지 (지상1층) ,오븐에 빠진닭
서울특별시 종로구 관철동 12-15번지 (3층) ,소소 종로점
서울특별시 종로구 창신동 138-89번지 지하1층 ,무공유통
서울특별시 종로구 종로5가 42-1 신화빌딩 ,체리호프
"서울특별시 종로구 창신동 176 1,2층 ",멕시카나 동대문역점
서울특별시 종로구 내자동 197 ,효도치킨 광화문점
서울특별시 종로구 창신동 581-21 ,이서진의 맛집
서울특별시 종로구 숭인동 72-86 ,문문
서울특별시 종로구 창신동 583-95번지 ,고흥식당
서울특별시 종로구 종로5가 249번지 ,한일당구장
서울특별시 종로구 창신동 438-14번지 ,바람난꼬꼬닭
서울특별시 종로구 숭인동 1263 수도회화전문확원 ,서기맥주
서울특별시 종로구 청진동 165-5번지 ,유선
서울특별시 종로구 관수동 21-2번지 ,하마
서울특별시 종로구 혜화동 89-1 ,이나살치킨
서울특별시 종로구 종로5가 398-16번지 ,청계천
서울특별시 종로구 명륜3가 1-215번지 ,비어닭컴
서울특별시 종로구 통의동 35-97번지 ,아카데미
서울특별시 종로구 창신동 433-1번지 ,동신
서울특별시 종로구 명륜2가 195-11번지 지상1층 ,펍라붐(PUB LABOUM)
서울특별시 종로구 관철동 10-2번지 ,쿠퍼스
서울특별시 종로구 사직동 217-1번지 ,현대
서울특별시 종로구 명륜2가 143-9번지 2층 ,청년곱창 198
서울특별시 종로구 돈의동 170-0번지 ,알콜뱅크
서울특별시 종로구 종로3가 6번지 ,디토
서울특별시 종로구 관철동 19-20번지 ,하이트비어플러스
서울특별시 종로구 명륜2가 39-0번지 ,아이다호
서울특별시 종로구 창신동 217-1번지 ,티엔티
서울특별시 종로구 도렴동 60번지 지하1층 43호 ,미
서울특별시 종로구 숭인동 217-9번지 ,땡기는날
서울특별시 종로구 도렴동 115-4번지 ,잭클래식바(Jack Classic Bar)
서울특별시 종로구 관철동 7-17번지 ,닌자짱
서울특별시 종로구 창신동 583-6번지 ,고요로스칸
서울특별시 종로구 낙원동 194번지 덕우빌딩 ,함지
서울특별시 종로구 혜화동 136번지 ,카라
서울특별시 종로구 동숭동 1-48번지 ,캘리포니아
서울특별시 종로구 동숭동 1-96번지 ,루미대학로점
서울특별시 종로구 교북동 12-15번지 ,엘엔비
서울특별시 종로구 숭인동 202-3번지 지상1층 ,이서방치킨
서울특별시 종로구 종로3가 6번지 ,디토
서울특별시 종로구 부암동 185-5번지 ,골뱅이집바다
서울특별시 종로구 돈의동 152-2번지 ,다락촌
서울특별시 종로구 숭인동 1262번지 ,파로스
서울특별시 종로구 명륜2가 176번지 ,박스힐
서울특별시 종로구 명륜2가 24-4번지 ,메차쿠차
서울특별시 종로구 숭인동 65-22번지 ,오뚜기호프
서울특별시 종로구 적선동 97번지 ,쉬리
서울특별시 종로구 홍지동 46-1번지 지상1층 ,주댕이
서울특별시 종로구 삼청동 37번지 ,삼십칠
서울특별시 종로구 명륜2가 202번지 ,보름달뜨는마을
서울특별시 종로구 신영동 239-1번지 ,크래프트하우스
서울특별시 종로구 숭인동 191번지 ,왕짜장
서울특별시 종로구 창신동 81-8번지 ,딱좋아
서울특별시 종로구 내자동 11-1번지 ,OMC 치킨
서울특별시 종로구 당주동 100번지 지하 105호 ,윤가네
서울특별시 종로구 종로5가 75-1번지 ,하이트클래스
서울특별시 종로구 청진동 1-1번지 ,프렌치키스
서울특별시 종로구 필운동 206-0번지 ,숨바꼭질
서울특별시 종로구 종로6가 205-3번지 ,칼라호프
서울특별시 종로구 명륜4가 8-1번지 ,삼칠포차
서울특별시 종로구 신문로1가 31-0번지 ,분짜라붐 광화문점
서울특별시 종로구 통인동 137-11번지 ,리치리치
서울특별시 종로구 관철동 45-8번지 ,아스카
서울특별시 종로구 돈의동 50번지 지상1층 ,올래호프
서울특별시 종로구 숭인동 313-16번지 ,이야기
서울특별시 종로구 관철동 45-8번지 ,파라디아
서울특별시 종로구 창신동 691-0번지 ,비어캐빈
서울특별시 종로구 창신동 635-8번지 ,삼보전기통닭
서울특별시 종로구 홍지동 127-22번지 ,즈봉
서울특별시 종로구 필운동 108번지 1층 ,광장호프
서울특별시 종로구 필운동 108-4번지 1 ,광장호프
서울특별시 종로구 돈의동 68-102번지 동의빌딩 ,짝태앤노가리
서울특별시 종로구 홍지동 46-1번지 ,삼미치킨 상명대점
서울특별시 종로구 관철동 19-12 1~2층 ,비어웍스(종로 종각역점)
서울특별시 종로구 동숭동 1-55번지 ,화덕피자신사
서울특별시 종로구 명륜4가 70-3번지 ,빽투더포차
"서울특별시 종로구 내수동 72번지 경희궁의아침3단지 167,168호 ",약초치킨종로점
서울특별시 종로구 공평동 18번지 ,사진쟁이1019
서울특별시 종로구 평창동 66-72번지 안성빌딩 103호 ,조선미닭
서울특별시 종로구 동숭동 1-48번지 지하1층 ,소년소녀술싸롱
서울특별시 종로구 명륜2가 186-2번지 ,신촌불닭
서울특별시 종로구 창신동 635-8번지 지상1층 ,삼보치킨
서울특별시 종로구 명륜2가 177번지 ,Best Friend(비에프)
서울특별시 종로구 창신동 582-17번지 지상1층 ,소문난생만두
서울특별시 종로구 동숭동 1-91번지 ,라구라구
서울특별시 종로구 숭인동 66-3번지 지상2층 ,밀리오
서울특별시 종로구 창신동 130-66번지 ,코스닭 치킨
서울특별시 종로구 돈의동 84-2번지 ,올인
서울특별시 종로구 숭인동 192번지 지상1층 ,석쇠한잔
서울특별시 종로구 창신동 265번지 지상3층 ,럭셔리 수
서울특별시 종로구 관철동 14-7번지 지상1층 ,도네누Ⅱ
서울특별시 종로구 종로6가 205-3번지 ,칼라식당
서울특별시 종로구 효제동 165번지 ,동동공주
서울특별시 종로구 종로5가 121-6번지 지하1층 ,종오
서울특별시 종로구 익선동 57번지 ,치킨주막
서울특별시 종로구 무악동 67-2번지 ,포촌치킨독립문점
서울특별시 종로구 관철동 6-5번지 ,마피아
서울특별시 종로구 숭인동 217-19번지 지상2층 ,장작불바베큐
서울특별시 종로구 무악동 46-915번지 ,맛나치킨
서울특별시 종로구 창신동 583-30번지 지상1층 ,피자닭컴
서울특별시 종로구 명륜3가 53번지 ,오픈창꼬
서울특별시 종로구 종로5가 214-6번지 ,뭐야뭐야
"서울특별시 종로구 혜화동 166-3번지 지상1,2층 ",토스피아
서울특별시 종로구 종로1가 24번지 지하1층 B118-3호 ,종로 호프타운
서울특별시 종로구 돈의동 94번지 지상1층 ,모로
서울특별시 종로구 효제동 249-1번지 2층 ,위드 비어
서울특별시 종로구 인의동 46-1번지 1층 ,비에이치씨(bhc)치킨
서울특별시 종로구 당주동 5번지 지하1층 ,광장맥주
서울특별시 종로구 부암동 208-39번지 1층 ,제이디 라이브
서울특별시 종로구 묘동 201번지 (지하1층) ,본스치킨 종로3가점
서울특별시 종로구 창신동 84-3번지 (지상1층) ,닭집
서울특별시 종로구 옥인동 37번지 지상1층 ,용구비어
서울특별시 종로구 연지동 85 ,바로두마리치킨
서울특별시 종로구 종로5가 45-3 1층 ,한국통닭
서울특별시 종로구 관철동 12-5번지 ,봉구비어
서울특별시 종로구 명륜3가 2-37번지 ,성대 통치킨
서울특별시 종로구 창신동 20-40번지 (지상1층) ,비목
서울특별시 종로구 혜화동 74-38번지 ,모심
서울특별시 종로구 창신동 633-6번지 (지하1층) ,발렌타인
서울특별시 종로구 종로5가 98번지 ,오늘통닭
서울특별시 종로구 교남동 27번지 ,다울.민속점
서울특별시 종로구 도렴동 150-1번지 ,광화문 분식
서울특별시 종로구 당주동 160번지 지하1층 6호 ,제이앤조이(J&Joy)
서울특별시 종로구 수송동 58번지 두산위브파빌리온 142호 ,이자카야마타
서울특별시 종로구 동숭동 1-37번지 4층 ,이리스
서울특별시 종로구 창신동 440-6번지 ,테라스(호프)
서울특별시 종로구 숭인동 766번지 청계힐스테이트 단지내상가 나동 101호,치킨매니야
서울특별시 종로구 낙원동 196번지 지하1층 ,종삼호프
서울특별시 종로구 평창동 66-32번지 (지하1층) ,귀빈치킨
서울특별시 종로구 신문로1가 238번지 신문로BD 지상1층 ,와바 광화문점
서울특별시 종로구 효제동 268-2번지 지상1층 ,테마호프
서울특별시 종로구 동숭동 50-42번지 지상2층 ,좋은 친구들
서울특별시 종로구 창신동 330-5번지 2층 ,압구정호프
서울특별시 종로구 창신동 436-73번지 지하1층 ,눈사람
서울특별시 종로구 혜화동 15-44번지 ,거성치킨
서울특별시 종로구 내수동 95 파크팰리스상가 105호 ,주크
서울특별시 종로구 창신동 583-19번지 지상1층 ,두리아
서울특별시 종로구 연건동 45-2 1층 ,연건식당
서울특별시 종로구 명륜4가 16-1번지 3층 ,꾼노리
서울특별시 종로구 누상동 166-161번지 지상2층 ,묘한술책
서울특별시 종로구 연건동 139-2번지 1층 ,구어조은닭
서울특별시 종로구 낙원동 210번지 (지상2층) ,주유소
"서울특별시 종로구 명륜2가 41-9번지 (지상8,9층) ",와라와라 대학로점
서울특별시 종로구 명륜2가 188번지 지하1층 ,Bunker(벙커)
서울특별시 종로구 홍지동 91-3번지 ,SM
서울특별시 종로구 숭인동 72-70번지 지상1층 ,호야치킨
서울특별시 종로구 명륜3가 16번지 (지하1층) ,미쳐버린 파닭
서울특별시 종로구 관철동 180번지 스타골드빌딩 ,벚꽃 야시장
서울특별시 종로구 종로2가 8-4번지 1층 ,만선
서울특별시 종로구 관철동 7-11번지 지상 3층 ,맘모스 고기부페
서울특별시 종로구 통인동 147-2번지 (지상1층) ,서촌강정&치킨
서울특별시 종로구 관철동 11-24번지 ,자이안트
서울특별시 종로구 돈의동 10번지 지상1층 ,종로 맛소리
서울특별시 종로구 종로5가 182-2번지 2층 ,궁
서울특별시 종로구 무악동 45-379번지 (지상1층) ,쌀이라면
서울특별시 종로구 숭인동 200-8번지 3층 ,알로알로
서울특별시 종로구 창신동 263번지 지상3층 ,타워치킨 동묘점
서울특별시 종로구 창신동 580-7번지 ,고짱
서울특별시 종로구 효제동 65-2번지 ,단미
서울특별시 종로구 명륜1가 16-31번지 ,내내치킨
서울특별시 종로구 신문로1가 58-1번지 외3필지 ,하얀돌
서울특별시 종로구 신영동 44번지 지상1층 ,또래오래치킨
서울특별시 종로구 숭인동 226-2번지 지상1층 ,오아시스
"서울특별시 종로구 당주동 145번지 롯데미도파빌딩 지하52호,53호 ",미도호프식당
서울특별시 종로구 종로4가 5번지 (지하2층) ,오비호프
서울특별시 종로구 당주동 171번지 1층 ,오븐에 빠진닭
서울특별시 종로구 평창동 299-1번지 (지상1층) ,리더스
서울특별시 종로구 숭인동 682번지 ,대아
서울특별시 종로구 숭인동 189번지 (지하1층) ,샤론술통
서울특별시 종로구 혜화동 143-2번지 지상1층 ,치킨매니아 대학로점
서울특별시 종로구 평창동 151-2번지 지상1층 ,비엠
"서울특별시 종로구 익선동 148번지 지상1층, 1호 ",바모스
서울특별시 종로구 명륜4가 72-4번지 ,지짐이호프
서울특별시 종로구 창신동 266-2번지 ,못난이 닭강정
서울특별시 종로구 관철동 11-1번지 ,종로선술집
서울특별시 종로구 무악동 46-1419번지 지상1층 ,이타리아치킨
서울특별시 종로구 효제동 233-1번지 ,궁전카페
서울특별시 종로구 명륜1가 15-1번지 ,아벡데프리츠
서울특별시 종로구 낙원동 158번지 1층 ,도모
서울특별시 종로구 창신동 580-3번지 ,황제
서울특별시 종로구 관철동 14-8번지 ,레드컨테이너 카페 종로점
서울특별시 종로구 명륜2가 21-9 ,비비큐치킨
"서울특별시 종로구 체부동 30번지 (지상1층,30,31번지) ",도버메이드
서울특별시 종로구 관철동 19-1번지 4층 ,와바호프
서울특별시 종로구 숭인동 766번지 ,또바기치킨숭인동점
서울특별시 종로구 낙원동 55-1번지 ,브라더스
서울특별시 종로구 혜화동 190-1번지 지상1층 ,홈런포차
서울특별시 종로구 명륜4가 59-3번지 ,맥주하우스
서울특별시 종로구 명륜2가 142-2번지 ,라르고
서울특별시 종로구 충신동 35-9번지 지상1층 ,미림
서울특별시 종로구 충신동 27-17번지 (지상1층) ,보보스
서울특별시 종로구 동숭동 1-60번지 ,헤이판
서울특별시 종로구 관철동 11-5번지 ,(주)제너시스 비비큐 프리미엄 카페 종로관철점
서울특별시 종로구 창신동 464-8번지 ,라이브호프
서울특별시 종로구 관철동 42-4번지 지하1층 ,다트 팩토리
서울특별시 종로구 명륜2가 184번지 지하1층 ,달빛한모금
서울특별시 종로구 인사동 99번지 (지상1층) ,미리내
서울특별시 종로구 창신동 580-3번지 ,새벽닭
서울특별시 종로구 청진동 191-2번지 ,청진영양센타
서울특별시 종로구 창신동 20-10번지 ,카페이그니이트
서울특별시 종로구 내자동 1-2번지 1층 ,열정 골뱅이
서울특별시 종로구 종로5가 193-11번지 (지상2층) ,약속호프
서울특별시 종로구 창신동 498번지 (2층) ,이가우육면
서울특별시 종로구 명륜2가 211번지 지상4층 ,캠브리지
서울특별시 종로구 동숭동 1-83번지 ,더후라이팬
서울특별시 종로구 명륜4가 90번지 ,강정애퐁
서울특별시 종로구 원남동 225-6번지 지상1층 ,레인보우
서울특별시 종로구 혜화동 74-38번지 ,닭이네
서울특별시 종로구 평창동 596번지 ,에펠탑
서울특별시 종로구 숭인동 190-1번지 1층 ,대박주막골
서울특별시 종로구 명륜2가 150-2번지 지상2층 ,FRIENDS(프랜즈)
서울특별시 종로구 교북동 101번지 ,"건달요리(닭어사, 못말리는파닭)"
서울특별시 종로구 누상동 32-2번지 지상 1층 ,서촌봉닭
서울특별시 종로구 봉익동 12-8번지 ,미니커피숍
서울특별시 종로구 평창동 150-5번지 ,유케이 (U K)
"서울특별시 종로구 청진동 92번지 지하1층, 그랑서울 107호",피카 익스프레스
서울특별시 종로구 관철동 19-6번지 지상2층 ,라디오 시어터
서울특별시 종로구 청진동 209-1번지 양지빌딩 5층 ,종로농아
서울특별시 종로구 관철동 14-3번지 지상 4층 ,와타시
서울특별시 종로구 연건동 197-6번지 ,작은공간
서울특별시 종로구 동숭동 1-87번지 ,1번가 비어캐슬
서울특별시 종로구 명륜2가 161-10번지 지상1층 ,연지호프
서울특별시 종로구 돈의동 37번지 지하1층 ,팝콘
"서울특별시 종로구 명륜2가 33-2번지 지상1,2층 ",치킨뱅이
서울특별시 종로구 명륜2가 184번지 ,호프팅
서울특별시 종로구 소격동 144-6번지 ,천진포자
서울특별시 종로구 중학동 14번지 트윈트리 A동 B202호 ,에디스 비(eddys B)
서울특별시 종로구 봉익동 8-1번지 (지상1층) ,기와집칼국수
서울특별시 종로구 통의동 67-2번지 (2층) ,홍탁촌
서울특별시 종로구 창신동 583-19번지 (1층) ,썬더치킨
서울특별시 종로구 부암동 208-39번지 (1층) ,부암동주식(부암동酒食)
서울특별시 종로구 효제동 65-2번지 지상2층 ,만남의 광장
서울특별시 종로구 동숭동 1-96번지 4층 ,시즌2 상하이객잔
서울특별시 종로구 창신동 23-74번지 지상1층 ,OK치킨
서울특별시 종로구 교남동 47번지 (지상1층) ,명월
서울특별시 종로구 숭인동 56-42번지 중앙빌딩 1층 ,땡큐맘 치킨
